record_id,evaluated_beats,accuracy,N_recall,N_support,S_recall,S_support,V_recall,V_support,F_recall,F_support
100,2270,0.9714,0.9785,2236,0.6667,33,1.0000,1,,,0
103,2081,0.9981,0.9986,2079,0.5000,2,,,,0,,,0
105,2564,0.9458,0.9493,2523,,,0,0.7317,41,,,0
111,2121,0.9991,0.9995,2120,,,0,0.0000,1,,,0
113,1792,0.9955,0.9966,1786,0.6667,6,,,,0,,,0
117,1532,0.9987,0.9993,1531,0.0000,1,,,,0,,,0
121,1860,0.9978,0.9989,1858,0.0000,1,0.0000,1,,,0
123,1515,0.9967,0.9980,1512,,,0,0.3333,3,,,0
200,2598,0.8522,0.8357,1741,0.6333,30,0.8970,825,0.5000,2
202,2133,0.8875,0.8931,2058,0.7273,55,0.7895,19,0.0000,1
210,2647,0.8950,0.9029,2420,0.6818,22,0.8462,195,0.4000,10
212,2745,0.9993,0.9993,2745,,,0,,,,0,,,0
213,3248,0.8322,0.8870,2638,0.6429,28,0.8409,220,0.4365,362
214,2257,0.9256,0.9325,2000,,,0,0.8711,256,0.0000,1
219,2151,0.9637,0.9678,2079,0.5714,7,0.8750,64,0.0000,1
221,2424,0.9216,0.9290,2028,,,0,0.8838,396,,,0
222,2480,0.8911,0.8988,2272,0.8077,208,,,,0,,,0
228,2050,0.8941,0.8979,1685,0.3333,3,0.8785,362,,,0
231,1568,0.9949,0.9962,1565,0.0000,1,0.0000,2,,,0
232,1777,0.7687,0.8182,396,0.7545,1381,,,,0,,,0
233,3076,0.8755,0.8698,2227,0.4286,7,0.8965,831,0.4545,11
234,2750,0.9855,0.9892,2697,0.8000,50,0.6667,3,,,0
