metric,ds1_validation,ds2_test,absolute_difference,relative_change_pct
Macro F1,0.7095,0.6403,-0.0692,-9.75%
Balanced Accuracy,0.7079,0.7000,-0.0079,-1.12%
Accuracy,0.9668,0.9093,-0.0575,-5.95%
Weighted F1,0.9664,0.9174,-0.0490,-5.07%
Macro Precision,0.7166,0.6348,-0.0818,-11.42%
Macro Recall,0.7079,0.7000,-0.0079,-1.12%
Macro ROC-AUC,0.9782,0.9425,-0.0357,-3.65%
Macro PR-AUC,0.7321,0.6280,-0.1041,-14.22%
Class N Recall,0.9850,0.9242,-0.0608,-6.17%
Class S Recall,0.6983,0.7564,+0.0581,+8.32%
Class V Recall,0.8982,0.8720,-0.0262,-2.92%
Class F Recall,0.2500,0.2474,-0.0026,-1.04%
Class N Precision,0.9830,0.9771,-0.0059,-0.60%
Class S Precision,0.7634,0.3845,-0.3789,-49.63%
Class V Precision,0.7866,0.6975,-0.0891,-11.33%
Class F Precision,0.3333,0.4800,+0.1467,+44.01%
